question,answer
What is your return policy? (Query ID: 1),Our return policy lasts 30 days from purchase.
How can I track my order? (Query ID: 2),Use the tracking link in your order confirmation email.
Do you ship internationally? (Query ID: 3),"Yes, we ship to most countries worldwide."
How do I reset my password? (Query ID: 4),Click on 'Forgot password' at login and follow instructions.
What payment methods are accepted? (Query ID: 5),"We accept Visa, MasterCard, PayPal, and Apple Pay."
Can I change my delivery address? (Query ID: 6),"Yes, you can change it from your account settings."
How long does delivery take? (Query ID: 7),Delivery takes 3-5 business days on average.
Is there a warranty on products? (Query ID: 8),"Yes, all products come with a 1-year warranty."
Do you have a mobile app? (Query ID: 9),"Yes, our app is available on iOS and Android."
Can I cancel my order? (Query ID: 10),Orders can be canceled within 1 hour of placement.
What is your return policy? (Query ID: 11),Our return policy lasts 30 days from purchase.
How can I track my order? (Query ID: 12),Use the tracking link in your order confirmation email.
Do you ship internationally? (Query ID: 13),"Yes, we ship to most countries worldwide."
How do I reset my password? (Query ID: 14),Click on 'Forgot password' at login and follow instructions.
What payment methods are accepted? (Query ID: 15),"We accept Visa, MasterCard, PayPal, and Apple Pay."
Can I change my delivery address? (Query ID: 16),"Yes, you can change it from your account settings."
How long does delivery take? (Query ID: 17),Delivery takes 3-5 business days on average.
Is there a warranty on products? (Query ID: 18),"Yes, all products come with a 1-year warranty."
Do you have a mobile app? (Query ID: 19),"Yes, our app is available on iOS and Android."
Can I cancel my order? (Query ID: 20),Orders can be canceled within 1 hour of placement.
What is your return policy? (Query ID: 21),Our return policy lasts 30 days from purchase.
How can I track my order? (Query ID: 22),Use the tracking link in your order confirmation email.
Do you ship internationally? (Query ID: 23),"Yes, we ship to most countries worldwide."
How do I reset my password? (Query ID: 24),Click on 'Forgot password' at login and follow instructions.
What payment methods are accepted? (Query ID: 25),"We accept Visa, MasterCard, PayPal, and Apple Pay."
Can I change my delivery address? (Query ID: 26),"Yes, you can change it from your account settings."
How long does delivery take? (Query ID: 27),Delivery takes 3-5 business days on average.
Is there a warranty on products? (Query ID: 28),"Yes, all products come with a 1-year warranty."
Do you have a mobile app? (Query ID: 29),"Yes, our app is available on iOS and Android."
Can I cancel my order? (Query ID: 30),Orders can be canceled within 1 hour of placement.
What is your return policy? (Query ID: 31),Our return policy lasts 30 days from purchase.
How can I track my order? (Query ID: 32),Use the tracking link in your order confirmation email.
Do you ship internationally? (Query ID: 33),"Yes, we ship to most countries worldwide."
How do I reset my password? (Query ID: 34),Click on 'Forgot password' at login and follow instructions.
What payment methods are accepted? (Query ID: 35),"We accept Visa, MasterCard, PayPal, and Apple Pay."
Can I change my delivery address? (Query ID: 36),"Yes, you can change it from your account settings."
How long does delivery take? (Query ID: 37),Delivery takes 3-5 business days on average.
Is there a warranty on products? (Query ID: 38),"Yes, all products come with a 1-year warranty."
Do you have a mobile app? (Query ID: 39),"Yes, our app is available on iOS and Android."
Can I cancel my order? (Query ID: 40),Orders can be canceled within 1 hour of placement.
What is your return policy? (Query ID: 41),Our return policy lasts 30 days from purchase.
How can I track my order? (Query ID: 42),Use the tracking link in your order confirmation email.
Do you ship internationally? (Query ID: 43),"Yes, we ship to most countries worldwide."
How do I reset my password? (Query ID: 44),Click on 'Forgot password' at login and follow instructions.
What payment methods are accepted? (Query ID: 45),"We accept Visa, MasterCard, PayPal, and Apple Pay."
Can I change my delivery address? (Query ID: 46),"Yes, you can change it from your account settings."
How long does delivery take? (Query ID: 47),Delivery takes 3-5 business days on average.
Is there a warranty on products? (Query ID: 48),"Yes, all products come with a 1-year warranty."
Do you have a mobile app? (Query ID: 49),"Yes, our app is available on iOS and Android."
Can I cancel my order? (Query ID: 50),Orders can be canceled within 1 hour of placement.
What is your return policy? (Query ID: 51),Our return policy lasts 30 days from purchase.
How can I track my order? (Query ID: 52),Use the tracking link in your order confirmation email.
Do you ship internationally? (Query ID: 53),"Yes, we ship to most countries worldwide."
How do I reset my password? (Query ID: 54),Click on 'Forgot password' at login and follow instructions.
What payment methods are accepted? (Query ID: 55),"We accept Visa, MasterCard, PayPal, and Apple Pay."
Can I change my delivery address? (Query ID: 56),"Yes, you can change it from your account settings."
How long does delivery take? (Query ID: 57),Delivery takes 3-5 business days on average.
Is there a warranty on products? (Query ID: 58),"Yes, all products come with a 1-year warranty."
Do you have a mobile app? (Query ID: 59),"Yes, our app is available on iOS and Android."
Can I cancel my order? (Query ID: 60),Orders can be canceled within 1 hour of placement.
What is your return policy? (Query ID: 61),Our return policy lasts 30 days from purchase.
How can I track my order? (Query ID: 62),Use the tracking link in your order confirmation email.
Do you ship internationally? (Query ID: 63),"Yes, we ship to most countries worldwide."
How do I reset my password? (Query ID: 64),Click on 'Forgot password' at login and follow instructions.
What payment methods are accepted? (Query ID: 65),"We accept Visa, MasterCard, PayPal, and Apple Pay."
Can I change my delivery address? (Query ID: 66),"Yes, you can change it from your account settings."
How long does delivery take? (Query ID: 67),Delivery takes 3-5 business days on average.
Is there a warranty on products? (Query ID: 68),"Yes, all products come with a 1-year warranty."
Do you have a mobile app? (Query ID: 69),"Yes, our app is available on iOS and Android."
Can I cancel my order? (Query ID: 70),Orders can be canceled within 1 hour of placement.
What is your return policy? (Query ID: 71),Our return policy lasts 30 days from purchase.
How can I track my order? (Query ID: 72),Use the tracking link in your order confirmation email.
Do you ship internationally? (Query ID: 73),"Yes, we ship to most countries worldwide."
How do I reset my password? (Query ID: 74),Click on 'Forgot password' at login and follow instructions.
What payment methods are accepted? (Query ID: 75),"We accept Visa, MasterCard, PayPal, and Apple Pay."
Can I change my delivery address? (Query ID: 76),"Yes, you can change it from your account settings."
How long does delivery take? (Query ID: 77),Delivery takes 3-5 business days on average.
Is there a warranty on products? (Query ID: 78),"Yes, all products come with a 1-year warranty."
Do you have a mobile app? (Query ID: 79),"Yes, our app is available on iOS and Android."
Can I cancel my order? (Query ID: 80),Orders can be canceled within 1 hour of placement.
What is your return policy? (Query ID: 81),Our return policy lasts 30 days from purchase.
How can I track my order? (Query ID: 82),Use the tracking link in your order confirmation email.
Do you ship internationally? (Query ID: 83),"Yes, we ship to most countries worldwide."
How do I reset my password? (Query ID: 84),Click on 'Forgot password' at login and follow instructions.
What payment methods are accepted? (Query ID: 85),"We accept Visa, MasterCard, PayPal, and Apple Pay."
Can I change my delivery address? (Query ID: 86),"Yes, you can change it from your account settings."
How long does delivery take? (Query ID: 87),Delivery takes 3-5 business days on average.
Is there a warranty on products? (Query ID: 88),"Yes, all products come with a 1-year warranty."
Do you have a mobile app? (Query ID: 89),"Yes, our app is available on iOS and Android."
Can I cancel my order? (Query ID: 90),Orders can be canceled within 1 hour of placement.
What is your return policy? (Query ID: 91),Our return policy lasts 30 days from purchase.
How can I track my order? (Query ID: 92),Use the tracking link in your order confirmation email.
Do you ship internationally? (Query ID: 93),"Yes, we ship to most countries worldwide."
How do I reset my password? (Query ID: 94),Click on 'Forgot password' at login and follow instructions.
What payment methods are accepted? (Query ID: 95),"We accept Visa, MasterCard, PayPal, and Apple Pay."
Can I change my delivery address? (Query ID: 96),"Yes, you can change it from your account settings."
How long does delivery take? (Query ID: 97),Delivery takes 3-5 business days on average.
Is there a warranty on products? (Query ID: 98),"Yes, all products come with a 1-year warranty."
Do you have a mobile app? (Query ID: 99),"Yes, our app is available on iOS and Android."
Can I cancel my order? (Query ID: 100),Orders can be canceled within 1 hour of placement.
What is your return policy? (Query ID: 101),Our return policy lasts 30 days from purchase.
How can I track my order? (Query ID: 102),Use the tracking link in your order confirmation email.
Do you ship internationally? (Query ID: 103),"Yes, we ship to most countries worldwide."
How do I reset my password? (Query ID: 104),Click on 'Forgot password' at login and follow instructions.
What payment methods are accepted? (Query ID: 105),"We accept Visa, MasterCard, PayPal, and Apple Pay."
Can I change my delivery address? (Query ID: 106),"Yes, you can change it from your account settings."
How long does delivery take? (Query ID: 107),Delivery takes 3-5 business days on average.
Is there a warranty on products? (Query ID: 108),"Yes, all products come with a 1-year warranty."
Do you have a mobile app? (Query ID: 109),"Yes, our app is available on iOS and Android."
Can I cancel my order? (Query ID: 110),Orders can be canceled within 1 hour of placement.
What is your return policy? (Query ID: 111),Our return policy lasts 30 days from purchase.
How can I track my order? (Query ID: 112),Use the tracking link in your order confirmation email.
Do you ship internationally? (Query ID: 113),"Yes, we ship to most countries worldwide."
How do I reset my password? (Query ID: 114),Click on 'Forgot password' at login and follow instructions.
What payment methods are accepted? (Query ID: 115),"We accept Visa, MasterCard, PayPal, and Apple Pay."
Can I change my delivery address? (Query ID: 116),"Yes, you can change it from your account settings."
How long does delivery take? (Query ID: 117),Delivery takes 3-5 business days on average.
Is there a warranty on products? (Query ID: 118),"Yes, all products come with a 1-year warranty."
Do you have a mobile app? (Query ID: 119),"Yes, our app is available on iOS and Android."
Can I cancel my order? (Query ID: 120),Orders can be canceled within 1 hour of placement.
What is your return policy? (Query ID: 121),Our return policy lasts 30 days from purchase.
How can I track my order? (Query ID: 122),Use the tracking link in your order confirmation email.
Do you ship internationally? (Query ID: 123),"Yes, we ship to most countries worldwide."
How do I reset my password? (Query ID: 124),Click on 'Forgot password' at login and follow instructions.
What payment methods are accepted? (Query ID: 125),"We accept Visa, MasterCard, PayPal, and Apple Pay."
Can I change my delivery address? (Query ID: 126),"Yes, you can change it from your account settings."
How long does delivery take? (Query ID: 127),Delivery takes 3-5 business days on average.
Is there a warranty on products? (Query ID: 128),"Yes, all products come with a 1-year warranty."
Do you have a mobile app? (Query ID: 129),"Yes, our app is available on iOS and Android."
Can I cancel my order? (Query ID: 130),Orders can be canceled within 1 hour of placement.
What is your return policy? (Query ID: 131),Our return policy lasts 30 days from purchase.
How can I track my order? (Query ID: 132),Use the tracking link in your order confirmation email.
Do you ship internationally? (Query ID: 133),"Yes, we ship to most countries worldwide."
How do I reset my password? (Query ID: 134),Click on 'Forgot password' at login and follow instructions.
What payment methods are accepted? (Query ID: 135),"We accept Visa, MasterCard, PayPal, and Apple Pay."
Can I change my delivery address? (Query ID: 136),"Yes, you can change it from your account settings."
How long does delivery take? (Query ID: 137),Delivery takes 3-5 business days on average.
Is there a warranty on products? (Query ID: 138),"Yes, all products come with a 1-year warranty."
Do you have a mobile app? (Query ID: 139),"Yes, our app is available on iOS and Android."
Can I cancel my order? (Query ID: 140),Orders can be canceled within 1 hour of placement.
What is your return policy? (Query ID: 141),Our return policy lasts 30 days from purchase.
How can I track my order? (Query ID: 142),Use the tracking link in your order confirmation email.
Do you ship internationally? (Query ID: 143),"Yes, we ship to most countries worldwide."
How do I reset my password? (Query ID: 144),Click on 'Forgot password' at login and follow instructions.
What payment methods are accepted? (Query ID: 145),"We accept Visa, MasterCard, PayPal, and Apple Pay."
Can I change my delivery address? (Query ID: 146),"Yes, you can change it from your account settings."
How long does delivery take? (Query ID: 147),Delivery takes 3-5 business days on average.
Is there a warranty on products? (Query ID: 148),"Yes, all products come with a 1-year warranty."
Do you have a mobile app? (Query ID: 149),"Yes, our app is available on iOS and Android."
Can I cancel my order? (Query ID: 150),Orders can be canceled within 1 hour of placement.
What is your return policy? (Query ID: 151),Our return policy lasts 30 days from purchase.
How can I track my order? (Query ID: 152),Use the tracking link in your order confirmation email.
Do you ship internationally? (Query ID: 153),"Yes, we ship to most countries worldwide."
How do I reset my password? (Query ID: 154),Click on 'Forgot password' at login and follow instructions.
What payment methods are accepted? (Query ID: 155),"We accept Visa, MasterCard, PayPal, and Apple Pay."
Can I change my delivery address? (Query ID: 156),"Yes, you can change it from your account settings."
How long does delivery take? (Query ID: 157),Delivery takes 3-5 business days on average.
Is there a warranty on products? (Query ID: 158),"Yes, all products come with a 1-year warranty."
Do you have a mobile app? (Query ID: 159),"Yes, our app is available on iOS and Android."
Can I cancel my order? (Query ID: 160),Orders can be canceled within 1 hour of placement.
What is your return policy? (Query ID: 161),Our return policy lasts 30 days from purchase.
How can I track my order? (Query ID: 162),Use the tracking link in your order confirmation email.
Do you ship internationally? (Query ID: 163),"Yes, we ship to most countries worldwide."
How do I reset my password? (Query ID: 164),Click on 'Forgot password' at login and follow instructions.
What payment methods are accepted? (Query ID: 165),"We accept Visa, MasterCard, PayPal, and Apple Pay."
Can I change my delivery address? (Query ID: 166),"Yes, you can change it from your account settings."
How long does delivery take? (Query ID: 167),Delivery takes 3-5 business days on average.
Is there a warranty on products? (Query ID: 168),"Yes, all products come with a 1-year warranty."
Do you have a mobile app? (Query ID: 169),"Yes, our app is available on iOS and Android."
Can I cancel my order? (Query ID: 170),Orders can be canceled within 1 hour of placement.
What is your return policy? (Query ID: 171),Our return policy lasts 30 days from purchase.
How can I track my order? (Query ID: 172),Use the tracking link in your order confirmation email.
Do you ship internationally? (Query ID: 173),"Yes, we ship to most countries worldwide."
How do I reset my password? (Query ID: 174),Click on 'Forgot password' at login and follow instructions.
What payment methods are accepted? (Query ID: 175),"We accept Visa, MasterCard, PayPal, and Apple Pay."
Can I change my delivery address? (Query ID: 176),"Yes, you can change it from your account settings."
How long does delivery take? (Query ID: 177),Delivery takes 3-5 business days on average.
Is there a warranty on products? (Query ID: 178),"Yes, all products come with a 1-year warranty."
Do you have a mobile app? (Query ID: 179),"Yes, our app is available on iOS and Android."
Can I cancel my order? (Query ID: 180),Orders can be canceled within 1 hour of placement.
What is your return policy? (Query ID: 181),Our return policy lasts 30 days from purchase.
How can I track my order? (Query ID: 182),Use the tracking link in your order confirmation email.
Do you ship internationally? (Query ID: 183),"Yes, we ship to most countries worldwide."
How do I reset my password? (Query ID: 184),Click on 'Forgot password' at login and follow instructions.
What payment methods are accepted? (Query ID: 185),"We accept Visa, MasterCard, PayPal, and Apple Pay."
Can I change my delivery address? (Query ID: 186),"Yes, you can change it from your account settings."
How long does delivery take? (Query ID: 187),Delivery takes 3-5 business days on average.
Is there a warranty on products? (Query ID: 188),"Yes, all products come with a 1-year warranty."
Do you have a mobile app? (Query ID: 189),"Yes, our app is available on iOS and Android."
Can I cancel my order? (Query ID: 190),Orders can be canceled within 1 hour of placement.
What is your return policy? (Query ID: 191),Our return policy lasts 30 days from purchase.
How can I track my order? (Query ID: 192),Use the tracking link in your order confirmation email.
Do you ship internationally? (Query ID: 193),"Yes, we ship to most countries worldwide."
How do I reset my password? (Query ID: 194),Click on 'Forgot password' at login and follow instructions.
What payment methods are accepted? (Query ID: 195),"We accept Visa, MasterCard, PayPal, and Apple Pay."
Can I change my delivery address? (Query ID: 196),"Yes, you can change it from your account settings."
How long does delivery take? (Query ID: 197),Delivery takes 3-5 business days on average.
Is there a warranty on products? (Query ID: 198),"Yes, all products come with a 1-year warranty."
Do you have a mobile app? (Query ID: 199),"Yes, our app is available on iOS and Android."
Can I cancel my order? (Query ID: 200),Orders can be canceled within 1 hour of placement.
What is your return policy? (Query ID: 201),Our return policy lasts 30 days from purchase.
How can I track my order? (Query ID: 202),Use the tracking link in your order confirmation email.
Do you ship internationally? (Query ID: 203),"Yes, we ship to most countries worldwide."
How do I reset my password? (Query ID: 204),Click on 'Forgot password' at login and follow instructions.
What payment methods are accepted? (Query ID: 205),"We accept Visa, MasterCard, PayPal, and Apple Pay."
Can I change my delivery address? (Query ID: 206),"Yes, you can change it from your account settings."
How long does delivery take? (Query ID: 207),Delivery takes 3-5 business days on average.
Is there a warranty on products? (Query ID: 208),"Yes, all products come with a 1-year warranty."
Do you have a mobile app? (Query ID: 209),"Yes, our app is available on iOS and Android."
Can I cancel my order? (Query ID: 210),Orders can be canceled within 1 hour of placement.
What is your return policy? (Query ID: 211),Our return policy lasts 30 days from purchase.
How can I track my order? (Query ID: 212),Use the tracking link in your order confirmation email.
Do you ship internationally? (Query ID: 213),"Yes, we ship to most countries worldwide."
How do I reset my password? (Query ID: 214),Click on 'Forgot password' at login and follow instructions.
What payment methods are accepted? (Query ID: 215),"We accept Visa, MasterCard, PayPal, and Apple Pay."
Can I change my delivery address? (Query ID: 216),"Yes, you can change it from your account settings."
How long does delivery take? (Query ID: 217),Delivery takes 3-5 business days on average.
Is there a warranty on products? (Query ID: 218),"Yes, all products come with a 1-year warranty."
Do you have a mobile app? (Query ID: 219),"Yes, our app is available on iOS and Android."
Can I cancel my order? (Query ID: 220),Orders can be canceled within 1 hour of placement.
What is your return policy? (Query ID: 221),Our return policy lasts 30 days from purchase.
How can I track my order? (Query ID: 222),Use the tracking link in your order confirmation email.
Do you ship internationally? (Query ID: 223),"Yes, we ship to most countries worldwide."
How do I reset my password? (Query ID: 224),Click on 'Forgot password' at login and follow instructions.
What payment methods are accepted? (Query ID: 225),"We accept Visa, MasterCard, PayPal, and Apple Pay."
Can I change my delivery address? (Query ID: 226),"Yes, you can change it from your account settings."
How long does delivery take? (Query ID: 227),Delivery takes 3-5 business days on average.
Is there a warranty on products? (Query ID: 228),"Yes, all products come with a 1-year warranty."
Do you have a mobile app? (Query ID: 229),"Yes, our app is available on iOS and Android."
Can I cancel my order? (Query ID: 230),Orders can be canceled within 1 hour of placement.
What is your return policy? (Query ID: 231),Our return policy lasts 30 days from purchase.
How can I track my order? (Query ID: 232),Use the tracking link in your order confirmation email.
Do you ship internationally? (Query ID: 233),"Yes, we ship to most countries worldwide."
How do I reset my password? (Query ID: 234),Click on 'Forgot password' at login and follow instructions.
What payment methods are accepted? (Query ID: 235),"We accept Visa, MasterCard, PayPal, and Apple Pay."
Can I change my delivery address? (Query ID: 236),"Yes, you can change it from your account settings."
How long does delivery take? (Query ID: 237),Delivery takes 3-5 business days on average.
Is there a warranty on products? (Query ID: 238),"Yes, all products come with a 1-year warranty."
Do you have a mobile app? (Query ID: 239),"Yes, our app is available on iOS and Android."
Can I cancel my order? (Query ID: 240),Orders can be canceled within 1 hour of placement.
What is your return policy? (Query ID: 241),Our return policy lasts 30 days from purchase.
How can I track my order? (Query ID: 242),Use the tracking link in your order confirmation email.
Do you ship internationally? (Query ID: 243),"Yes, we ship to most countries worldwide."
How do I reset my password? (Query ID: 244),Click on 'Forgot password' at login and follow instructions.
What payment methods are accepted? (Query ID: 245),"We accept Visa, MasterCard, PayPal, and Apple Pay."
Can I change my delivery address? (Query ID: 246),"Yes, you can change it from your account settings."
How long does delivery take? (Query ID: 247),Delivery takes 3-5 business days on average.
Is there a warranty on products? (Query ID: 248),"Yes, all products come with a 1-year warranty."
Do you have a mobile app? (Query ID: 249),"Yes, our app is available on iOS and Android."
Can I cancel my order? (Query ID: 250),Orders can be canceled within 1 hour of placement.
What is your return policy? (Query ID: 251),Our return policy lasts 30 days from purchase.
How can I track my order? (Query ID: 252),Use the tracking link in your order confirmation email.
Do you ship internationally? (Query ID: 253),"Yes, we ship to most countries worldwide."
How do I reset my password? (Query ID: 254),Click on 'Forgot password' at login and follow instructions.
What payment methods are accepted? (Query ID: 255),"We accept Visa, MasterCard, PayPal, and Apple Pay."
Can I change my delivery address? (Query ID: 256),"Yes, you can change it from your account settings."
How long does delivery take? (Query ID: 257),Delivery takes 3-5 business days on average.
Is there a warranty on products? (Query ID: 258),"Yes, all products come with a 1-year warranty."
Do you have a mobile app? (Query ID: 259),"Yes, our app is available on iOS and Android."
Can I cancel my order? (Query ID: 260),Orders can be canceled within 1 hour of placement.
What is your return policy? (Query ID: 261),Our return policy lasts 30 days from purchase.
How can I track my order? (Query ID: 262),Use the tracking link in your order confirmation email.
Do you ship internationally? (Query ID: 263),"Yes, we ship to most countries worldwide."
How do I reset my password? (Query ID: 264),Click on 'Forgot password' at login and follow instructions.
What payment methods are accepted? (Query ID: 265),"We accept Visa, MasterCard, PayPal, and Apple Pay."
Can I change my delivery address? (Query ID: 266),"Yes, you can change it from your account settings."
How long does delivery take? (Query ID: 267),Delivery takes 3-5 business days on average.
Is there a warranty on products? (Query ID: 268),"Yes, all products come with a 1-year warranty."
Do you have a mobile app? (Query ID: 269),"Yes, our app is available on iOS and Android."
Can I cancel my order? (Query ID: 270),Orders can be canceled within 1 hour of placement.
What is your return policy? (Query ID: 271),Our return policy lasts 30 days from purchase.
How can I track my order? (Query ID: 272),Use the tracking link in your order confirmation email.
Do you ship internationally? (Query ID: 273),"Yes, we ship to most countries worldwide."
How do I reset my password? (Query ID: 274),Click on 'Forgot password' at login and follow instructions.
What payment methods are accepted? (Query ID: 275),"We accept Visa, MasterCard, PayPal, and Apple Pay."
Can I change my delivery address? (Query ID: 276),"Yes, you can change it from your account settings."
How long does delivery take? (Query ID: 277),Delivery takes 3-5 business days on average.
Is there a warranty on products? (Query ID: 278),"Yes, all products come with a 1-year warranty."
Do you have a mobile app? (Query ID: 279),"Yes, our app is available on iOS and Android."
Can I cancel my order? (Query ID: 280),Orders can be canceled within 1 hour of placement.
What is your return policy? (Query ID: 281),Our return policy lasts 30 days from purchase.
How can I track my order? (Query ID: 282),Use the tracking link in your order confirmation email.
Do you ship internationally? (Query ID: 283),"Yes, we ship to most countries worldwide."
How do I reset my password? (Query ID: 284),Click on 'Forgot password' at login and follow instructions.
What payment methods are accepted? (Query ID: 285),"We accept Visa, MasterCard, PayPal, and Apple Pay."
Can I change my delivery address? (Query ID: 286),"Yes, you can change it from your account settings."
How long does delivery take? (Query ID: 287),Delivery takes 3-5 business days on average.
Is there a warranty on products? (Query ID: 288),"Yes, all products come with a 1-year warranty."
Do you have a mobile app? (Query ID: 289),"Yes, our app is available on iOS and Android."
Can I cancel my order? (Query ID: 290),Orders can be canceled within 1 hour of placement.
What is your return policy? (Query ID: 291),Our return policy lasts 30 days from purchase.
How can I track my order? (Query ID: 292),Use the tracking link in your order confirmation email.
Do you ship internationally? (Query ID: 293),"Yes, we ship to most countries worldwide."
How do I reset my password? (Query ID: 294),Click on 'Forgot password' at login and follow instructions.
What payment methods are accepted? (Query ID: 295),"We accept Visa, MasterCard, PayPal, and Apple Pay."
Can I change my delivery address? (Query ID: 296),"Yes, you can change it from your account settings."
How long does delivery take? (Query ID: 297),Delivery takes 3-5 business days on average.
Is there a warranty on products? (Query ID: 298),"Yes, all products come with a 1-year warranty."
Do you have a mobile app? (Query ID: 299),"Yes, our app is available on iOS and Android."
Can I cancel my order? (Query ID: 300),Orders can be canceled within 1 hour of placement.
What is your return policy? (Query ID: 301),Our return policy lasts 30 days from purchase.
How can I track my order? (Query ID: 302),Use the tracking link in your order confirmation email.
Do you ship internationally? (Query ID: 303),"Yes, we ship to most countries worldwide."
How do I reset my password? (Query ID: 304),Click on 'Forgot password' at login and follow instructions.
What payment methods are accepted? (Query ID: 305),"We accept Visa, MasterCard, PayPal, and Apple Pay."
Can I change my delivery address? (Query ID: 306),"Yes, you can change it from your account settings."
How long does delivery take? (Query ID: 307),Delivery takes 3-5 business days on average.
Is there a warranty on products? (Query ID: 308),"Yes, all products come with a 1-year warranty."
Do you have a mobile app? (Query ID: 309),"Yes, our app is available on iOS and Android."
Can I cancel my order? (Query ID: 310),Orders can be canceled within 1 hour of placement.
What is your return policy? (Query ID: 311),Our return policy lasts 30 days from purchase.
How can I track my order? (Query ID: 312),Use the tracking link in your order confirmation email.
Do you ship internationally? (Query ID: 313),"Yes, we ship to most countries worldwide."
How do I reset my password? (Query ID: 314),Click on 'Forgot password' at login and follow instructions.
What payment methods are accepted? (Query ID: 315),"We accept Visa, MasterCard, PayPal, and Apple Pay."
Can I change my delivery address? (Query ID: 316),"Yes, you can change it from your account settings."
How long does delivery take? (Query ID: 317),Delivery takes 3-5 business days on average.
Is there a warranty on products? (Query ID: 318),"Yes, all products come with a 1-year warranty."
Do you have a mobile app? (Query ID: 319),"Yes, our app is available on iOS and Android."
Can I cancel my order? (Query ID: 320),Orders can be canceled within 1 hour of placement.
What is your return policy? (Query ID: 321),Our return policy lasts 30 days from purchase.
How can I track my order? (Query ID: 322),Use the tracking link in your order confirmation email.
Do you ship internationally? (Query ID: 323),"Yes, we ship to most countries worldwide."
How do I reset my password? (Query ID: 324),Click on 'Forgot password' at login and follow instructions.
What payment methods are accepted? (Query ID: 325),"We accept Visa, MasterCard, PayPal, and Apple Pay."
Can I change my delivery address? (Query ID: 326),"Yes, you can change it from your account settings."
How long does delivery take? (Query ID: 327),Delivery takes 3-5 business days on average.
Is there a warranty on products? (Query ID: 328),"Yes, all products come with a 1-year warranty."
Do you have a mobile app? (Query ID: 329),"Yes, our app is available on iOS and Android."
Can I cancel my order? (Query ID: 330),Orders can be canceled within 1 hour of placement.
What is your return policy? (Query ID: 331),Our return policy lasts 30 days from purchase.
How can I track my order? (Query ID: 332),Use the tracking link in your order confirmation email.
Do you ship internationally? (Query ID: 333),"Yes, we ship to most countries worldwide."
How do I reset my password? (Query ID: 334),Click on 'Forgot password' at login and follow instructions.
What payment methods are accepted? (Query ID: 335),"We accept Visa, MasterCard, PayPal, and Apple Pay."
Can I change my delivery address? (Query ID: 336),"Yes, you can change it from your account settings."
How long does delivery take? (Query ID: 337),Delivery takes 3-5 business days on average.
Is there a warranty on products? (Query ID: 338),"Yes, all products come with a 1-year warranty."
Do you have a mobile app? (Query ID: 339),"Yes, our app is available on iOS and Android."
Can I cancel my order? (Query ID: 340),Orders can be canceled within 1 hour of placement.
What is your return policy? (Query ID: 341),Our return policy lasts 30 days from purchase.
How can I track my order? (Query ID: 342),Use the tracking link in your order confirmation email.
Do you ship internationally? (Query ID: 343),"Yes, we ship to most countries worldwide."
How do I reset my password? (Query ID: 344),Click on 'Forgot password' at login and follow instructions.
What payment methods are accepted? (Query ID: 345),"We accept Visa, MasterCard, PayPal, and Apple Pay."
Can I change my delivery address? (Query ID: 346),"Yes, you can change it from your account settings."
How long does delivery take? (Query ID: 347),Delivery takes 3-5 business days on average.
Is there a warranty on products? (Query ID: 348),"Yes, all products come with a 1-year warranty."
Do you have a mobile app? (Query ID: 349),"Yes, our app is available on iOS and Android."
Can I cancel my order? (Query ID: 350),Orders can be canceled within 1 hour of placement.
What is your return policy? (Query ID: 351),Our return policy lasts 30 days from purchase.
How can I track my order? (Query ID: 352),Use the tracking link in your order confirmation email.
Do you ship internationally? (Query ID: 353),"Yes, we ship to most countries worldwide."
How do I reset my password? (Query ID: 354),Click on 'Forgot password' at login and follow instructions.
What payment methods are accepted? (Query ID: 355),"We accept Visa, MasterCard, PayPal, and Apple Pay."
Can I change my delivery address? (Query ID: 356),"Yes, you can change it from your account settings."
How long does delivery take? (Query ID: 357),Delivery takes 3-5 business days on average.
Is there a warranty on products? (Query ID: 358),"Yes, all products come with a 1-year warranty."
Do you have a mobile app? (Query ID: 359),"Yes, our app is available on iOS and Android."
Can I cancel my order? (Query ID: 360),Orders can be canceled within 1 hour of placement.
What is your return policy? (Query ID: 361),Our return policy lasts 30 days from purchase.
How can I track my order? (Query ID: 362),Use the tracking link in your order confirmation email.
Do you ship internationally? (Query ID: 363),"Yes, we ship to most countries worldwide."
How do I reset my password? (Query ID: 364),Click on 'Forgot password' at login and follow instructions.
What payment methods are accepted? (Query ID: 365),"We accept Visa, MasterCard, PayPal, and Apple Pay."
Can I change my delivery address? (Query ID: 366),"Yes, you can change it from your account settings."
How long does delivery take? (Query ID: 367),Delivery takes 3-5 business days on average.
Is there a warranty on products? (Query ID: 368),"Yes, all products come with a 1-year warranty."
Do you have a mobile app? (Query ID: 369),"Yes, our app is available on iOS and Android."
Can I cancel my order? (Query ID: 370),Orders can be canceled within 1 hour of placement.
What is your return policy? (Query ID: 371),Our return policy lasts 30 days from purchase.
How can I track my order? (Query ID: 372),Use the tracking link in your order confirmation email.
Do you ship internationally? (Query ID: 373),"Yes, we ship to most countries worldwide."
How do I reset my password? (Query ID: 374),Click on 'Forgot password' at login and follow instructions.
What payment methods are accepted? (Query ID: 375),"We accept Visa, MasterCard, PayPal, and Apple Pay."
Can I change my delivery address? (Query ID: 376),"Yes, you can change it from your account settings."
How long does delivery take? (Query ID: 377),Delivery takes 3-5 business days on average.
Is there a warranty on products? (Query ID: 378),"Yes, all products come with a 1-year warranty."
Do you have a mobile app? (Query ID: 379),"Yes, our app is available on iOS and Android."
Can I cancel my order? (Query ID: 380),Orders can be canceled within 1 hour of placement.
What is your return policy? (Query ID: 381),Our return policy lasts 30 days from purchase.
How can I track my order? (Query ID: 382),Use the tracking link in your order confirmation email.
Do you ship internationally? (Query ID: 383),"Yes, we ship to most countries worldwide."
How do I reset my password? (Query ID: 384),Click on 'Forgot password' at login and follow instructions.
What payment methods are accepted? (Query ID: 385),"We accept Visa, MasterCard, PayPal, and Apple Pay."
Can I change my delivery address? (Query ID: 386),"Yes, you can change it from your account settings."
How long does delivery take? (Query ID: 387),Delivery takes 3-5 business days on average.
Is there a warranty on products? (Query ID: 388),"Yes, all products come with a 1-year warranty."
Do you have a mobile app? (Query ID: 389),"Yes, our app is available on iOS and Android."
Can I cancel my order? (Query ID: 390),Orders can be canceled within 1 hour of placement.
What is your return policy? (Query ID: 391),Our return policy lasts 30 days from purchase.
How can I track my order? (Query ID: 392),Use the tracking link in your order confirmation email.
Do you ship internationally? (Query ID: 393),"Yes, we ship to most countries worldwide."
How do I reset my password? (Query ID: 394),Click on 'Forgot password' at login and follow instructions.
What payment methods are accepted? (Query ID: 395),"We accept Visa, MasterCard, PayPal, and Apple Pay."
Can I change my delivery address? (Query ID: 396),"Yes, you can change it from your account settings."
How long does delivery take? (Query ID: 397),Delivery takes 3-5 business days on average.
Is there a warranty on products? (Query ID: 398),"Yes, all products come with a 1-year warranty."
Do you have a mobile app? (Query ID: 399),"Yes, our app is available on iOS and Android."
Can I cancel my order? (Query ID: 400),Orders can be canceled within 1 hour of placement.
What is your return policy? (Query ID: 401),Our return policy lasts 30 days from purchase.
How can I track my order? (Query ID: 402),Use the tracking link in your order confirmation email.
Do you ship internationally? (Query ID: 403),"Yes, we ship to most countries worldwide."
How do I reset my password? (Query ID: 404),Click on 'Forgot password' at login and follow instructions.
What payment methods are accepted? (Query ID: 405),"We accept Visa, MasterCard, PayPal, and Apple Pay."
Can I change my delivery address? (Query ID: 406),"Yes, you can change it from your account settings."
How long does delivery take? (Query ID: 407),Delivery takes 3-5 business days on average.
Is there a warranty on products? (Query ID: 408),"Yes, all products come with a 1-year warranty."
Do you have a mobile app? (Query ID: 409),"Yes, our app is available on iOS and Android."
Can I cancel my order? (Query ID: 410),Orders can be canceled within 1 hour of placement.
What is your return policy? (Query ID: 411),Our return policy lasts 30 days from purchase.
How can I track my order? (Query ID: 412),Use the tracking link in your order confirmation email.
Do you ship internationally? (Query ID: 413),"Yes, we ship to most countries worldwide."
How do I reset my password? (Query ID: 414),Click on 'Forgot password' at login and follow instructions.
What payment methods are accepted? (Query ID: 415),"We accept Visa, MasterCard, PayPal, and Apple Pay."
Can I change my delivery address? (Query ID: 416),"Yes, you can change it from your account settings."
How long does delivery take? (Query ID: 417),Delivery takes 3-5 business days on average.
Is there a warranty on products? (Query ID: 418),"Yes, all products come with a 1-year warranty."
Do you have a mobile app? (Query ID: 419),"Yes, our app is available on iOS and Android."
Can I cancel my order? (Query ID: 420),Orders can be canceled within 1 hour of placement.
What is your return policy? (Query ID: 421),Our return policy lasts 30 days from purchase.
How can I track my order? (Query ID: 422),Use the tracking link in your order confirmation email.
Do you ship internationally? (Query ID: 423),"Yes, we ship to most countries worldwide."
How do I reset my password? (Query ID: 424),Click on 'Forgot password' at login and follow instructions.
What payment methods are accepted? (Query ID: 425),"We accept Visa, MasterCard, PayPal, and Apple Pay."
Can I change my delivery address? (Query ID: 426),"Yes, you can change it from your account settings."
How long does delivery take? (Query ID: 427),Delivery takes 3-5 business days on average.
Is there a warranty on products? (Query ID: 428),"Yes, all products come with a 1-year warranty."
Do you have a mobile app? (Query ID: 429),"Yes, our app is available on iOS and Android."
Can I cancel my order? (Query ID: 430),Orders can be canceled within 1 hour of placement.
What is your return policy? (Query ID: 431),Our return policy lasts 30 days from purchase.
How can I track my order? (Query ID: 432),Use the tracking link in your order confirmation email.
Do you ship internationally? (Query ID: 433),"Yes, we ship to most countries worldwide."
How do I reset my password? (Query ID: 434),Click on 'Forgot password' at login and follow instructions.
What payment methods are accepted? (Query ID: 435),"We accept Visa, MasterCard, PayPal, and Apple Pay."
Can I change my delivery address? (Query ID: 436),"Yes, you can change it from your account settings."
How long does delivery take? (Query ID: 437),Delivery takes 3-5 business days on average.
Is there a warranty on products? (Query ID: 438),"Yes, all products come with a 1-year warranty."
Do you have a mobile app? (Query ID: 439),"Yes, our app is available on iOS and Android."
Can I cancel my order? (Query ID: 440),Orders can be canceled within 1 hour of placement.
What is your return policy? (Query ID: 441),Our return policy lasts 30 days from purchase.
How can I track my order? (Query ID: 442),Use the tracking link in your order confirmation email.
Do you ship internationally? (Query ID: 443),"Yes, we ship to most countries worldwide."
How do I reset my password? (Query ID: 444),Click on 'Forgot password' at login and follow instructions.
What payment methods are accepted? (Query ID: 445),"We accept Visa, MasterCard, PayPal, and Apple Pay."
Can I change my delivery address? (Query ID: 446),"Yes, you can change it from your account settings."
How long does delivery take? (Query ID: 447),Delivery takes 3-5 business days on average.
Is there a warranty on products? (Query ID: 448),"Yes, all products come with a 1-year warranty."
Do you have a mobile app? (Query ID: 449),"Yes, our app is available on iOS and Android."
Can I cancel my order? (Query ID: 450),Orders can be canceled within 1 hour of placement.
What is your return policy? (Query ID: 451),Our return policy lasts 30 days from purchase.
How can I track my order? (Query ID: 452),Use the tracking link in your order confirmation email.
Do you ship internationally? (Query ID: 453),"Yes, we ship to most countries worldwide."
How do I reset my password? (Query ID: 454),Click on 'Forgot password' at login and follow instructions.
What payment methods are accepted? (Query ID: 455),"We accept Visa, MasterCard, PayPal, and Apple Pay."
Can I change my delivery address? (Query ID: 456),"Yes, you can change it from your account settings."
How long does delivery take? (Query ID: 457),Delivery takes 3-5 business days on average.
Is there a warranty on products? (Query ID: 458),"Yes, all products come with a 1-year warranty."
Do you have a mobile app? (Query ID: 459),"Yes, our app is available on iOS and Android."
Can I cancel my order? (Query ID: 460),Orders can be canceled within 1 hour of placement.
What is your return policy? (Query ID: 461),Our return policy lasts 30 days from purchase.
How can I track my order? (Query ID: 462),Use the tracking link in your order confirmation email.
Do you ship internationally? (Query ID: 463),"Yes, we ship to most countries worldwide."
How do I reset my password? (Query ID: 464),Click on 'Forgot password' at login and follow instructions.
What payment methods are accepted? (Query ID: 465),"We accept Visa, MasterCard, PayPal, and Apple Pay."
Can I change my delivery address? (Query ID: 466),"Yes, you can change it from your account settings."
How long does delivery take? (Query ID: 467),Delivery takes 3-5 business days on average.
Is there a warranty on products? (Query ID: 468),"Yes, all products come with a 1-year warranty."
Do you have a mobile app? (Query ID: 469),"Yes, our app is available on iOS and Android."
Can I cancel my order? (Query ID: 470),Orders can be canceled within 1 hour of placement.
What is your return policy? (Query ID: 471),Our return policy lasts 30 days from purchase.
How can I track my order? (Query ID: 472),Use the tracking link in your order confirmation email.
Do you ship internationally? (Query ID: 473),"Yes, we ship to most countries worldwide."
How do I reset my password? (Query ID: 474),Click on 'Forgot password' at login and follow instructions.
What payment methods are accepted? (Query ID: 475),"We accept Visa, MasterCard, PayPal, and Apple Pay."
Can I change my delivery address? (Query ID: 476),"Yes, you can change it from your account settings."
How long does delivery take? (Query ID: 477),Delivery takes 3-5 business days on average.
Is there a warranty on products? (Query ID: 478),"Yes, all products come with a 1-year warranty."
Do you have a mobile app? (Query ID: 479),"Yes, our app is available on iOS and Android."
Can I cancel my order? (Query ID: 480),Orders can be canceled within 1 hour of placement.
What is your return policy? (Query ID: 481),Our return policy lasts 30 days from purchase.
How can I track my order? (Query ID: 482),Use the tracking link in your order confirmation email.
Do you ship internationally? (Query ID: 483),"Yes, we ship to most countries worldwide."
How do I reset my password? (Query ID: 484),Click on 'Forgot password' at login and follow instructions.
What payment methods are accepted? (Query ID: 485),"We accept Visa, MasterCard, PayPal, and Apple Pay."
Can I change my delivery address? (Query ID: 486),"Yes, you can change it from your account settings."
How long does delivery take? (Query ID: 487),Delivery takes 3-5 business days on average.
Is there a warranty on products? (Query ID: 488),"Yes, all products come with a 1-year warranty."
Do you have a mobile app? (Query ID: 489),"Yes, our app is available on iOS and Android."
Can I cancel my order? (Query ID: 490),Orders can be canceled within 1 hour of placement.
What is your return policy? (Query ID: 491),Our return policy lasts 30 days from purchase.
How can I track my order? (Query ID: 492),Use the tracking link in your order confirmation email.
Do you ship internationally? (Query ID: 493),"Yes, we ship to most countries worldwide."
How do I reset my password? (Query ID: 494),Click on 'Forgot password' at login and follow instructions.
What payment methods are accepted? (Query ID: 495),"We accept Visa, MasterCard, PayPal, and Apple Pay."
Can I change my delivery address? (Query ID: 496),"Yes, you can change it from your account settings."
How long does delivery take? (Query ID: 497),Delivery takes 3-5 business days on average.
Is there a warranty on products? (Query ID: 498),"Yes, all products come with a 1-year warranty."
Do you have a mobile app? (Query ID: 499),"Yes, our app is available on iOS and Android."
Can I cancel my order? (Query ID: 500),Orders can be canceled within 1 hour of placement.
What is your return policy? (Query ID: 501),Our return policy lasts 30 days from purchase.
How can I track my order? (Query ID: 502),Use the tracking link in your order confirmation email.
Do you ship internationally? (Query ID: 503),"Yes, we ship to most countries worldwide."
How do I reset my password? (Query ID: 504),Click on 'Forgot password' at login and follow instructions.
What payment methods are accepted? (Query ID: 505),"We accept Visa, MasterCard, PayPal, and Apple Pay."
Can I change my delivery address? (Query ID: 506),"Yes, you can change it from your account settings."
How long does delivery take? (Query ID: 507),Delivery takes 3-5 business days on average.
Is there a warranty on products? (Query ID: 508),"Yes, all products come with a 1-year warranty."
Do you have a mobile app? (Query ID: 509),"Yes, our app is available on iOS and Android."
Can I cancel my order? (Query ID: 510),Orders can be canceled within 1 hour of placement.
What is your return policy? (Query ID: 511),Our return policy lasts 30 days from purchase.
How can I track my order? (Query ID: 512),Use the tracking link in your order confirmation email.
Do you ship internationally? (Query ID: 513),"Yes, we ship to most countries worldwide."
How do I reset my password? (Query ID: 514),Click on 'Forgot password' at login and follow instructions.
What payment methods are accepted? (Query ID: 515),"We accept Visa, MasterCard, PayPal, and Apple Pay."
Can I change my delivery address? (Query ID: 516),"Yes, you can change it from your account settings."
How long does delivery take? (Query ID: 517),Delivery takes 3-5 business days on average.
Is there a warranty on products? (Query ID: 518),"Yes, all products come with a 1-year warranty."
Do you have a mobile app? (Query ID: 519),"Yes, our app is available on iOS and Android."
Can I cancel my order? (Query ID: 520),Orders can be canceled within 1 hour of placement.
What is your return policy? (Query ID: 521),Our return policy lasts 30 days from purchase.
How can I track my order? (Query ID: 522),Use the tracking link in your order confirmation email.
Do you ship internationally? (Query ID: 523),"Yes, we ship to most countries worldwide."
How do I reset my password? (Query ID: 524),Click on 'Forgot password' at login and follow instructions.
What payment methods are accepted? (Query ID: 525),"We accept Visa, MasterCard, PayPal, and Apple Pay."
Can I change my delivery address? (Query ID: 526),"Yes, you can change it from your account settings."
How long does delivery take? (Query ID: 527),Delivery takes 3-5 business days on average.
Is there a warranty on products? (Query ID: 528),"Yes, all products come with a 1-year warranty."
Do you have a mobile app? (Query ID: 529),"Yes, our app is available on iOS and Android."
Can I cancel my order? (Query ID: 530),Orders can be canceled within 1 hour of placement.
What is your return policy? (Query ID: 531),Our return policy lasts 30 days from purchase.
How can I track my order? (Query ID: 532),Use the tracking link in your order confirmation email.
Do you ship internationally? (Query ID: 533),"Yes, we ship to most countries worldwide."
How do I reset my password? (Query ID: 534),Click on 'Forgot password' at login and follow instructions.
What payment methods are accepted? (Query ID: 535),"We accept Visa, MasterCard, PayPal, and Apple Pay."
Can I change my delivery address? (Query ID: 536),"Yes, you can change it from your account settings."
How long does delivery take? (Query ID: 537),Delivery takes 3-5 business days on average.
Is there a warranty on products? (Query ID: 538),"Yes, all products come with a 1-year warranty."
Do you have a mobile app? (Query ID: 539),"Yes, our app is available on iOS and Android."
Can I cancel my order? (Query ID: 540),Orders can be canceled within 1 hour of placement.
What is your return policy? (Query ID: 541),Our return policy lasts 30 days from purchase.
How can I track my order? (Query ID: 542),Use the tracking link in your order confirmation email.
Do you ship internationally? (Query ID: 543),"Yes, we ship to most countries worldwide."
How do I reset my password? (Query ID: 544),Click on 'Forgot password' at login and follow instructions.
What payment methods are accepted? (Query ID: 545),"We accept Visa, MasterCard, PayPal, and Apple Pay."
Can I change my delivery address? (Query ID: 546),"Yes, you can change it from your account settings."
How long does delivery take? (Query ID: 547),Delivery takes 3-5 business days on average.
Is there a warranty on products? (Query ID: 548),"Yes, all products come with a 1-year warranty."
Do you have a mobile app? (Query ID: 549),"Yes, our app is available on iOS and Android."
Can I cancel my order? (Query ID: 550),Orders can be canceled within 1 hour of placement.
What is your return policy? (Query ID: 551),Our return policy lasts 30 days from purchase.
How can I track my order? (Query ID: 552),Use the tracking link in your order confirmation email.
Do you ship internationally? (Query ID: 553),"Yes, we ship to most countries worldwide."
How do I reset my password? (Query ID: 554),Click on 'Forgot password' at login and follow instructions.
What payment methods are accepted? (Query ID: 555),"We accept Visa, MasterCard, PayPal, and Apple Pay."
Can I change my delivery address? (Query ID: 556),"Yes, you can change it from your account settings."
How long does delivery take? (Query ID: 557),Delivery takes 3-5 business days on average.
Is there a warranty on products? (Query ID: 558),"Yes, all products come with a 1-year warranty."
Do you have a mobile app? (Query ID: 559),"Yes, our app is available on iOS and Android."
Can I cancel my order? (Query ID: 560),Orders can be canceled within 1 hour of placement.
What is your return policy? (Query ID: 561),Our return policy lasts 30 days from purchase.
How can I track my order? (Query ID: 562),Use the tracking link in your order confirmation email.
Do you ship internationally? (Query ID: 563),"Yes, we ship to most countries worldwide."
How do I reset my password? (Query ID: 564),Click on 'Forgot password' at login and follow instructions.
What payment methods are accepted? (Query ID: 565),"We accept Visa, MasterCard, PayPal, and Apple Pay."
Can I change my delivery address? (Query ID: 566),"Yes, you can change it from your account settings."
How long does delivery take? (Query ID: 567),Delivery takes 3-5 business days on average.
Is there a warranty on products? (Query ID: 568),"Yes, all products come with a 1-year warranty."
Do you have a mobile app? (Query ID: 569),"Yes, our app is available on iOS and Android."
Can I cancel my order? (Query ID: 570),Orders can be canceled within 1 hour of placement.
What is your return policy? (Query ID: 571),Our return policy lasts 30 days from purchase.
How can I track my order? (Query ID: 572),Use the tracking link in your order confirmation email.
Do you ship internationally? (Query ID: 573),"Yes, we ship to most countries worldwide."
How do I reset my password? (Query ID: 574),Click on 'Forgot password' at login and follow instructions.
What payment methods are accepted? (Query ID: 575),"We accept Visa, MasterCard, PayPal, and Apple Pay."
Can I change my delivery address? (Query ID: 576),"Yes, you can change it from your account settings."
How long does delivery take? (Query ID: 577),Delivery takes 3-5 business days on average.
Is there a warranty on products? (Query ID: 578),"Yes, all products come with a 1-year warranty."
Do you have a mobile app? (Query ID: 579),"Yes, our app is available on iOS and Android."
Can I cancel my order? (Query ID: 580),Orders can be canceled within 1 hour of placement.
What is your return policy? (Query ID: 581),Our return policy lasts 30 days from purchase.
How can I track my order? (Query ID: 582),Use the tracking link in your order confirmation email.
Do you ship internationally? (Query ID: 583),"Yes, we ship to most countries worldwide."
How do I reset my password? (Query ID: 584),Click on 'Forgot password' at login and follow instructions.
What payment methods are accepted? (Query ID: 585),"We accept Visa, MasterCard, PayPal, and Apple Pay."
Can I change my delivery address? (Query ID: 586),"Yes, you can change it from your account settings."
How long does delivery take? (Query ID: 587),Delivery takes 3-5 business days on average.
Is there a warranty on products? (Query ID: 588),"Yes, all products come with a 1-year warranty."
Do you have a mobile app? (Query ID: 589),"Yes, our app is available on iOS and Android."
Can I cancel my order? (Query ID: 590),Orders can be canceled within 1 hour of placement.
What is your return policy? (Query ID: 591),Our return policy lasts 30 days from purchase.
How can I track my order? (Query ID: 592),Use the tracking link in your order confirmation email.
Do you ship internationally? (Query ID: 593),"Yes, we ship to most countries worldwide."
How do I reset my password? (Query ID: 594),Click on 'Forgot password' at login and follow instructions.
What payment methods are accepted? (Query ID: 595),"We accept Visa, MasterCard, PayPal, and Apple Pay."
Can I change my delivery address? (Query ID: 596),"Yes, you can change it from your account settings."
How long does delivery take? (Query ID: 597),Delivery takes 3-5 business days on average.
Is there a warranty on products? (Query ID: 598),"Yes, all products come with a 1-year warranty."
Do you have a mobile app? (Query ID: 599),"Yes, our app is available on iOS and Android."
Can I cancel my order? (Query ID: 600),Orders can be canceled within 1 hour of placement.
What is your return policy? (Query ID: 601),Our return policy lasts 30 days from purchase.
How can I track my order? (Query ID: 602),Use the tracking link in your order confirmation email.
Do you ship internationally? (Query ID: 603),"Yes, we ship to most countries worldwide."
How do I reset my password? (Query ID: 604),Click on 'Forgot password' at login and follow instructions.
What payment methods are accepted? (Query ID: 605),"We accept Visa, MasterCard, PayPal, and Apple Pay."
Can I change my delivery address? (Query ID: 606),"Yes, you can change it from your account settings."
How long does delivery take? (Query ID: 607),Delivery takes 3-5 business days on average.
Is there a warranty on products? (Query ID: 608),"Yes, all products come with a 1-year warranty."
Do you have a mobile app? (Query ID: 609),"Yes, our app is available on iOS and Android."
Can I cancel my order? (Query ID: 610),Orders can be canceled within 1 hour of placement.
What is your return policy? (Query ID: 611),Our return policy lasts 30 days from purchase.
How can I track my order? (Query ID: 612),Use the tracking link in your order confirmation email.
Do you ship internationally? (Query ID: 613),"Yes, we ship to most countries worldwide."
How do I reset my password? (Query ID: 614),Click on 'Forgot password' at login and follow instructions.
What payment methods are accepted? (Query ID: 615),"We accept Visa, MasterCard, PayPal, and Apple Pay."
Can I change my delivery address? (Query ID: 616),"Yes, you can change it from your account settings."
How long does delivery take? (Query ID: 617),Delivery takes 3-5 business days on average.
Is there a warranty on products? (Query ID: 618),"Yes, all products come with a 1-year warranty."
Do you have a mobile app? (Query ID: 619),"Yes, our app is available on iOS and Android."
Can I cancel my order? (Query ID: 620),Orders can be canceled within 1 hour of placement.
What is your return policy? (Query ID: 621),Our return policy lasts 30 days from purchase.
How can I track my order? (Query ID: 622),Use the tracking link in your order confirmation email.
Do you ship internationally? (Query ID: 623),"Yes, we ship to most countries worldwide."
How do I reset my password? (Query ID: 624),Click on 'Forgot password' at login and follow instructions.
What payment methods are accepted? (Query ID: 625),"We accept Visa, MasterCard, PayPal, and Apple Pay."
Can I change my delivery address? (Query ID: 626),"Yes, you can change it from your account settings."
How long does delivery take? (Query ID: 627),Delivery takes 3-5 business days on average.
Is there a warranty on products? (Query ID: 628),"Yes, all products come with a 1-year warranty."
Do you have a mobile app? (Query ID: 629),"Yes, our app is available on iOS and Android."
Can I cancel my order? (Query ID: 630),Orders can be canceled within 1 hour of placement.
What is your return policy? (Query ID: 631),Our return policy lasts 30 days from purchase.
How can I track my order? (Query ID: 632),Use the tracking link in your order confirmation email.
Do you ship internationally? (Query ID: 633),"Yes, we ship to most countries worldwide."
How do I reset my password? (Query ID: 634),Click on 'Forgot password' at login and follow instructions.
What payment methods are accepted? (Query ID: 635),"We accept Visa, MasterCard, PayPal, and Apple Pay."
Can I change my delivery address? (Query ID: 636),"Yes, you can change it from your account settings."
How long does delivery take? (Query ID: 637),Delivery takes 3-5 business days on average.
Is there a warranty on products? (Query ID: 638),"Yes, all products come with a 1-year warranty."
Do you have a mobile app? (Query ID: 639),"Yes, our app is available on iOS and Android."
Can I cancel my order? (Query ID: 640),Orders can be canceled within 1 hour of placement.
What is your return policy? (Query ID: 641),Our return policy lasts 30 days from purchase.
How can I track my order? (Query ID: 642),Use the tracking link in your order confirmation email.
Do you ship internationally? (Query ID: 643),"Yes, we ship to most countries worldwide."
How do I reset my password? (Query ID: 644),Click on 'Forgot password' at login and follow instructions.
What payment methods are accepted? (Query ID: 645),"We accept Visa, MasterCard, PayPal, and Apple Pay."
Can I change my delivery address? (Query ID: 646),"Yes, you can change it from your account settings."
How long does delivery take? (Query ID: 647),Delivery takes 3-5 business days on average.
Is there a warranty on products? (Query ID: 648),"Yes, all products come with a 1-year warranty."
Do you have a mobile app? (Query ID: 649),"Yes, our app is available on iOS and Android."
Can I cancel my order? (Query ID: 650),Orders can be canceled within 1 hour of placement.
What is your return policy? (Query ID: 651),Our return policy lasts 30 days from purchase.
How can I track my order? (Query ID: 652),Use the tracking link in your order confirmation email.
Do you ship internationally? (Query ID: 653),"Yes, we ship to most countries worldwide."
How do I reset my password? (Query ID: 654),Click on 'Forgot password' at login and follow instructions.
What payment methods are accepted? (Query ID: 655),"We accept Visa, MasterCard, PayPal, and Apple Pay."
Can I change my delivery address? (Query ID: 656),"Yes, you can change it from your account settings."
How long does delivery take? (Query ID: 657),Delivery takes 3-5 business days on average.
Is there a warranty on products? (Query ID: 658),"Yes, all products come with a 1-year warranty."
Do you have a mobile app? (Query ID: 659),"Yes, our app is available on iOS and Android."
Can I cancel my order? (Query ID: 660),Orders can be canceled within 1 hour of placement.
What is your return policy? (Query ID: 661),Our return policy lasts 30 days from purchase.
How can I track my order? (Query ID: 662),Use the tracking link in your order confirmation email.
Do you ship internationally? (Query ID: 663),"Yes, we ship to most countries worldwide."
How do I reset my password? (Query ID: 664),Click on 'Forgot password' at login and follow instructions.
What payment methods are accepted? (Query ID: 665),"We accept Visa, MasterCard, PayPal, and Apple Pay."
Can I change my delivery address? (Query ID: 666),"Yes, you can change it from your account settings."
How long does delivery take? (Query ID: 667),Delivery takes 3-5 business days on average.
Is there a warranty on products? (Query ID: 668),"Yes, all products come with a 1-year warranty."
Do you have a mobile app? (Query ID: 669),"Yes, our app is available on iOS and Android."
Can I cancel my order? (Query ID: 670),Orders can be canceled within 1 hour of placement.
What is your return policy? (Query ID: 671),Our return policy lasts 30 days from purchase.
How can I track my order? (Query ID: 672),Use the tracking link in your order confirmation email.
Do you ship internationally? (Query ID: 673),"Yes, we ship to most countries worldwide."
How do I reset my password? (Query ID: 674),Click on 'Forgot password' at login and follow instructions.
What payment methods are accepted? (Query ID: 675),"We accept Visa, MasterCard, PayPal, and Apple Pay."
Can I change my delivery address? (Query ID: 676),"Yes, you can change it from your account settings."
How long does delivery take? (Query ID: 677),Delivery takes 3-5 business days on average.
Is there a warranty on products? (Query ID: 678),"Yes, all products come with a 1-year warranty."
Do you have a mobile app? (Query ID: 679),"Yes, our app is available on iOS and Android."
Can I cancel my order? (Query ID: 680),Orders can be canceled within 1 hour of placement.
What is your return policy? (Query ID: 681),Our return policy lasts 30 days from purchase.
How can I track my order? (Query ID: 682),Use the tracking link in your order confirmation email.
Do you ship internationally? (Query ID: 683),"Yes, we ship to most countries worldwide."
How do I reset my password? (Query ID: 684),Click on 'Forgot password' at login and follow instructions.
What payment methods are accepted? (Query ID: 685),"We accept Visa, MasterCard, PayPal, and Apple Pay."
Can I change my delivery address? (Query ID: 686),"Yes, you can change it from your account settings."
How long does delivery take? (Query ID: 687),Delivery takes 3-5 business days on average.
Is there a warranty on products? (Query ID: 688),"Yes, all products come with a 1-year warranty."
Do you have a mobile app? (Query ID: 689),"Yes, our app is available on iOS and Android."
Can I cancel my order? (Query ID: 690),Orders can be canceled within 1 hour of placement.
What is your return policy? (Query ID: 691),Our return policy lasts 30 days from purchase.
How can I track my order? (Query ID: 692),Use the tracking link in your order confirmation email.
Do you ship internationally? (Query ID: 693),"Yes, we ship to most countries worldwide."
How do I reset my password? (Query ID: 694),Click on 'Forgot password' at login and follow instructions.
What payment methods are accepted? (Query ID: 695),"We accept Visa, MasterCard, PayPal, and Apple Pay."
Can I change my delivery address? (Query ID: 696),"Yes, you can change it from your account settings."
How long does delivery take? (Query ID: 697),Delivery takes 3-5 business days on average.
Is there a warranty on products? (Query ID: 698),"Yes, all products come with a 1-year warranty."
Do you have a mobile app? (Query ID: 699),"Yes, our app is available on iOS and Android."
Can I cancel my order? (Query ID: 700),Orders can be canceled within 1 hour of placement.
What is your return policy? (Query ID: 701),Our return policy lasts 30 days from purchase.
How can I track my order? (Query ID: 702),Use the tracking link in your order confirmation email.
Do you ship internationally? (Query ID: 703),"Yes, we ship to most countries worldwide."
How do I reset my password? (Query ID: 704),Click on 'Forgot password' at login and follow instructions.
What payment methods are accepted? (Query ID: 705),"We accept Visa, MasterCard, PayPal, and Apple Pay."
Can I change my delivery address? (Query ID: 706),"Yes, you can change it from your account settings."
How long does delivery take? (Query ID: 707),Delivery takes 3-5 business days on average.
Is there a warranty on products? (Query ID: 708),"Yes, all products come with a 1-year warranty."
Do you have a mobile app? (Query ID: 709),"Yes, our app is available on iOS and Android."
Can I cancel my order? (Query ID: 710),Orders can be canceled within 1 hour of placement.
What is your return policy? (Query ID: 711),Our return policy lasts 30 days from purchase.
How can I track my order? (Query ID: 712),Use the tracking link in your order confirmation email.
Do you ship internationally? (Query ID: 713),"Yes, we ship to most countries worldwide."
How do I reset my password? (Query ID: 714),Click on 'Forgot password' at login and follow instructions.
What payment methods are accepted? (Query ID: 715),"We accept Visa, MasterCard, PayPal, and Apple Pay."
Can I change my delivery address? (Query ID: 716),"Yes, you can change it from your account settings."
How long does delivery take? (Query ID: 717),Delivery takes 3-5 business days on average.
Is there a warranty on products? (Query ID: 718),"Yes, all products come with a 1-year warranty."
Do you have a mobile app? (Query ID: 719),"Yes, our app is available on iOS and Android."
Can I cancel my order? (Query ID: 720),Orders can be canceled within 1 hour of placement.
What is your return policy? (Query ID: 721),Our return policy lasts 30 days from purchase.
How can I track my order? (Query ID: 722),Use the tracking link in your order confirmation email.
Do you ship internationally? (Query ID: 723),"Yes, we ship to most countries worldwide."
How do I reset my password? (Query ID: 724),Click on 'Forgot password' at login and follow instructions.
What payment methods are accepted? (Query ID: 725),"We accept Visa, MasterCard, PayPal, and Apple Pay."
Can I change my delivery address? (Query ID: 726),"Yes, you can change it from your account settings."
How long does delivery take? (Query ID: 727),Delivery takes 3-5 business days on average.
Is there a warranty on products? (Query ID: 728),"Yes, all products come with a 1-year warranty."
Do you have a mobile app? (Query ID: 729),"Yes, our app is available on iOS and Android."
Can I cancel my order? (Query ID: 730),Orders can be canceled within 1 hour of placement.
What is your return policy? (Query ID: 731),Our return policy lasts 30 days from purchase.
How can I track my order? (Query ID: 732),Use the tracking link in your order confirmation email.
Do you ship internationally? (Query ID: 733),"Yes, we ship to most countries worldwide."
How do I reset my password? (Query ID: 734),Click on 'Forgot password' at login and follow instructions.
What payment methods are accepted? (Query ID: 735),"We accept Visa, MasterCard, PayPal, and Apple Pay."
Can I change my delivery address? (Query ID: 736),"Yes, you can change it from your account settings."
How long does delivery take? (Query ID: 737),Delivery takes 3-5 business days on average.
Is there a warranty on products? (Query ID: 738),"Yes, all products come with a 1-year warranty."
Do you have a mobile app? (Query ID: 739),"Yes, our app is available on iOS and Android."
Can I cancel my order? (Query ID: 740),Orders can be canceled within 1 hour of placement.
What is your return policy? (Query ID: 741),Our return policy lasts 30 days from purchase.
How can I track my order? (Query ID: 742),Use the tracking link in your order confirmation email.
Do you ship internationally? (Query ID: 743),"Yes, we ship to most countries worldwide."
How do I reset my password? (Query ID: 744),Click on 'Forgot password' at login and follow instructions.
What payment methods are accepted? (Query ID: 745),"We accept Visa, MasterCard, PayPal, and Apple Pay."
Can I change my delivery address? (Query ID: 746),"Yes, you can change it from your account settings."
How long does delivery take? (Query ID: 747),Delivery takes 3-5 business days on average.
Is there a warranty on products? (Query ID: 748),"Yes, all products come with a 1-year warranty."
Do you have a mobile app? (Query ID: 749),"Yes, our app is available on iOS and Android."
Can I cancel my order? (Query ID: 750),Orders can be canceled within 1 hour of placement.
What is your return policy? (Query ID: 751),Our return policy lasts 30 days from purchase.
How can I track my order? (Query ID: 752),Use the tracking link in your order confirmation email.
Do you ship internationally? (Query ID: 753),"Yes, we ship to most countries worldwide."
How do I reset my password? (Query ID: 754),Click on 'Forgot password' at login and follow instructions.
What payment methods are accepted? (Query ID: 755),"We accept Visa, MasterCard, PayPal, and Apple Pay."
Can I change my delivery address? (Query ID: 756),"Yes, you can change it from your account settings."
How long does delivery take? (Query ID: 757),Delivery takes 3-5 business days on average.
Is there a warranty on products? (Query ID: 758),"Yes, all products come with a 1-year warranty."
Do you have a mobile app? (Query ID: 759),"Yes, our app is available on iOS and Android."
Can I cancel my order? (Query ID: 760),Orders can be canceled within 1 hour of placement.
What is your return policy? (Query ID: 761),Our return policy lasts 30 days from purchase.
How can I track my order? (Query ID: 762),Use the tracking link in your order confirmation email.
Do you ship internationally? (Query ID: 763),"Yes, we ship to most countries worldwide."
How do I reset my password? (Query ID: 764),Click on 'Forgot password' at login and follow instructions.
What payment methods are accepted? (Query ID: 765),"We accept Visa, MasterCard, PayPal, and Apple Pay."
Can I change my delivery address? (Query ID: 766),"Yes, you can change it from your account settings."
How long does delivery take? (Query ID: 767),Delivery takes 3-5 business days on average.
Is there a warranty on products? (Query ID: 768),"Yes, all products come with a 1-year warranty."
Do you have a mobile app? (Query ID: 769),"Yes, our app is available on iOS and Android."
Can I cancel my order? (Query ID: 770),Orders can be canceled within 1 hour of placement.
What is your return policy? (Query ID: 771),Our return policy lasts 30 days from purchase.
How can I track my order? (Query ID: 772),Use the tracking link in your order confirmation email.
Do you ship internationally? (Query ID: 773),"Yes, we ship to most countries worldwide."
How do I reset my password? (Query ID: 774),Click on 'Forgot password' at login and follow instructions.
What payment methods are accepted? (Query ID: 775),"We accept Visa, MasterCard, PayPal, and Apple Pay."
Can I change my delivery address? (Query ID: 776),"Yes, you can change it from your account settings."
How long does delivery take? (Query ID: 777),Delivery takes 3-5 business days on average.
Is there a warranty on products? (Query ID: 778),"Yes, all products come with a 1-year warranty."
Do you have a mobile app? (Query ID: 779),"Yes, our app is available on iOS and Android."
Can I cancel my order? (Query ID: 780),Orders can be canceled within 1 hour of placement.
What is your return policy? (Query ID: 781),Our return policy lasts 30 days from purchase.
How can I track my order? (Query ID: 782),Use the tracking link in your order confirmation email.
Do you ship internationally? (Query ID: 783),"Yes, we ship to most countries worldwide."
How do I reset my password? (Query ID: 784),Click on 'Forgot password' at login and follow instructions.
What payment methods are accepted? (Query ID: 785),"We accept Visa, MasterCard, PayPal, and Apple Pay."
Can I change my delivery address? (Query ID: 786),"Yes, you can change it from your account settings."
How long does delivery take? (Query ID: 787),Delivery takes 3-5 business days on average.
Is there a warranty on products? (Query ID: 788),"Yes, all products come with a 1-year warranty."
Do you have a mobile app? (Query ID: 789),"Yes, our app is available on iOS and Android."
Can I cancel my order? (Query ID: 790),Orders can be canceled within 1 hour of placement.
What is your return policy? (Query ID: 791),Our return policy lasts 30 days from purchase.
How can I track my order? (Query ID: 792),Use the tracking link in your order confirmation email.
Do you ship internationally? (Query ID: 793),"Yes, we ship to most countries worldwide."
How do I reset my password? (Query ID: 794),Click on 'Forgot password' at login and follow instructions.
What payment methods are accepted? (Query ID: 795),"We accept Visa, MasterCard, PayPal, and Apple Pay."
Can I change my delivery address? (Query ID: 796),"Yes, you can change it from your account settings."
How long does delivery take? (Query ID: 797),Delivery takes 3-5 business days on average.
Is there a warranty on products? (Query ID: 798),"Yes, all products come with a 1-year warranty."
Do you have a mobile app? (Query ID: 799),"Yes, our app is available on iOS and Android."
Can I cancel my order? (Query ID: 800),Orders can be canceled within 1 hour of placement.
What is your return policy? (Query ID: 801),Our return policy lasts 30 days from purchase.
How can I track my order? (Query ID: 802),Use the tracking link in your order confirmation email.
Do you ship internationally? (Query ID: 803),"Yes, we ship to most countries worldwide."
How do I reset my password? (Query ID: 804),Click on 'Forgot password' at login and follow instructions.
What payment methods are accepted? (Query ID: 805),"We accept Visa, MasterCard, PayPal, and Apple Pay."
Can I change my delivery address? (Query ID: 806),"Yes, you can change it from your account settings."
How long does delivery take? (Query ID: 807),Delivery takes 3-5 business days on average.
Is there a warranty on products? (Query ID: 808),"Yes, all products come with a 1-year warranty."
Do you have a mobile app? (Query ID: 809),"Yes, our app is available on iOS and Android."
Can I cancel my order? (Query ID: 810),Orders can be canceled within 1 hour of placement.
What is your return policy? (Query ID: 811),Our return policy lasts 30 days from purchase.
How can I track my order? (Query ID: 812),Use the tracking link in your order confirmation email.
Do you ship internationally? (Query ID: 813),"Yes, we ship to most countries worldwide."
How do I reset my password? (Query ID: 814),Click on 'Forgot password' at login and follow instructions.
What payment methods are accepted? (Query ID: 815),"We accept Visa, MasterCard, PayPal, and Apple Pay."
Can I change my delivery address? (Query ID: 816),"Yes, you can change it from your account settings."
How long does delivery take? (Query ID: 817),Delivery takes 3-5 business days on average.
Is there a warranty on products? (Query ID: 818),"Yes, all products come with a 1-year warranty."
Do you have a mobile app? (Query ID: 819),"Yes, our app is available on iOS and Android."
Can I cancel my order? (Query ID: 820),Orders can be canceled within 1 hour of placement.
What is your return policy? (Query ID: 821),Our return policy lasts 30 days from purchase.
How can I track my order? (Query ID: 822),Use the tracking link in your order confirmation email.
Do you ship internationally? (Query ID: 823),"Yes, we ship to most countries worldwide."
How do I reset my password? (Query ID: 824),Click on 'Forgot password' at login and follow instructions.
What payment methods are accepted? (Query ID: 825),"We accept Visa, MasterCard, PayPal, and Apple Pay."
Can I change my delivery address? (Query ID: 826),"Yes, you can change it from your account settings."
How long does delivery take? (Query ID: 827),Delivery takes 3-5 business days on average.
Is there a warranty on products? (Query ID: 828),"Yes, all products come with a 1-year warranty."
Do you have a mobile app? (Query ID: 829),"Yes, our app is available on iOS and Android."
Can I cancel my order? (Query ID: 830),Orders can be canceled within 1 hour of placement.
What is your return policy? (Query ID: 831),Our return policy lasts 30 days from purchase.
How can I track my order? (Query ID: 832),Use the tracking link in your order confirmation email.
Do you ship internationally? (Query ID: 833),"Yes, we ship to most countries worldwide."
How do I reset my password? (Query ID: 834),Click on 'Forgot password' at login and follow instructions.
What payment methods are accepted? (Query ID: 835),"We accept Visa, MasterCard, PayPal, and Apple Pay."
Can I change my delivery address? (Query ID: 836),"Yes, you can change it from your account settings."
How long does delivery take? (Query ID: 837),Delivery takes 3-5 business days on average.
Is there a warranty on products? (Query ID: 838),"Yes, all products come with a 1-year warranty."
Do you have a mobile app? (Query ID: 839),"Yes, our app is available on iOS and Android."
Can I cancel my order? (Query ID: 840),Orders can be canceled within 1 hour of placement.
What is your return policy? (Query ID: 841),Our return policy lasts 30 days from purchase.
How can I track my order? (Query ID: 842),Use the tracking link in your order confirmation email.
Do you ship internationally? (Query ID: 843),"Yes, we ship to most countries worldwide."
How do I reset my password? (Query ID: 844),Click on 'Forgot password' at login and follow instructions.
What payment methods are accepted? (Query ID: 845),"We accept Visa, MasterCard, PayPal, and Apple Pay."
Can I change my delivery address? (Query ID: 846),"Yes, you can change it from your account settings."
How long does delivery take? (Query ID: 847),Delivery takes 3-5 business days on average.
Is there a warranty on products? (Query ID: 848),"Yes, all products come with a 1-year warranty."
Do you have a mobile app? (Query ID: 849),"Yes, our app is available on iOS and Android."
Can I cancel my order? (Query ID: 850),Orders can be canceled within 1 hour of placement.
What is your return policy? (Query ID: 851),Our return policy lasts 30 days from purchase.
How can I track my order? (Query ID: 852),Use the tracking link in your order confirmation email.
Do you ship internationally? (Query ID: 853),"Yes, we ship to most countries worldwide."
How do I reset my password? (Query ID: 854),Click on 'Forgot password' at login and follow instructions.
What payment methods are accepted? (Query ID: 855),"We accept Visa, MasterCard, PayPal, and Apple Pay."
Can I change my delivery address? (Query ID: 856),"Yes, you can change it from your account settings."
How long does delivery take? (Query ID: 857),Delivery takes 3-5 business days on average.
Is there a warranty on products? (Query ID: 858),"Yes, all products come with a 1-year warranty."
Do you have a mobile app? (Query ID: 859),"Yes, our app is available on iOS and Android."
Can I cancel my order? (Query ID: 860),Orders can be canceled within 1 hour of placement.
What is your return policy? (Query ID: 861),Our return policy lasts 30 days from purchase.
How can I track my order? (Query ID: 862),Use the tracking link in your order confirmation email.
Do you ship internationally? (Query ID: 863),"Yes, we ship to most countries worldwide."
How do I reset my password? (Query ID: 864),Click on 'Forgot password' at login and follow instructions.
What payment methods are accepted? (Query ID: 865),"We accept Visa, MasterCard, PayPal, and Apple Pay."
Can I change my delivery address? (Query ID: 866),"Yes, you can change it from your account settings."
How long does delivery take? (Query ID: 867),Delivery takes 3-5 business days on average.
Is there a warranty on products? (Query ID: 868),"Yes, all products come with a 1-year warranty."
Do you have a mobile app? (Query ID: 869),"Yes, our app is available on iOS and Android."
Can I cancel my order? (Query ID: 870),Orders can be canceled within 1 hour of placement.
What is your return policy? (Query ID: 871),Our return policy lasts 30 days from purchase.
How can I track my order? (Query ID: 872),Use the tracking link in your order confirmation email.
Do you ship internationally? (Query ID: 873),"Yes, we ship to most countries worldwide."
How do I reset my password? (Query ID: 874),Click on 'Forgot password' at login and follow instructions.
What payment methods are accepted? (Query ID: 875),"We accept Visa, MasterCard, PayPal, and Apple Pay."
Can I change my delivery address? (Query ID: 876),"Yes, you can change it from your account settings."
How long does delivery take? (Query ID: 877),Delivery takes 3-5 business days on average.
Is there a warranty on products? (Query ID: 878),"Yes, all products come with a 1-year warranty."
Do you have a mobile app? (Query ID: 879),"Yes, our app is available on iOS and Android."
Can I cancel my order? (Query ID: 880),Orders can be canceled within 1 hour of placement.
What is your return policy? (Query ID: 881),Our return policy lasts 30 days from purchase.
How can I track my order? (Query ID: 882),Use the tracking link in your order confirmation email.
Do you ship internationally? (Query ID: 883),"Yes, we ship to most countries worldwide."
How do I reset my password? (Query ID: 884),Click on 'Forgot password' at login and follow instructions.
What payment methods are accepted? (Query ID: 885),"We accept Visa, MasterCard, PayPal, and Apple Pay."
Can I change my delivery address? (Query ID: 886),"Yes, you can change it from your account settings."
How long does delivery take? (Query ID: 887),Delivery takes 3-5 business days on average.
Is there a warranty on products? (Query ID: 888),"Yes, all products come with a 1-year warranty."
Do you have a mobile app? (Query ID: 889),"Yes, our app is available on iOS and Android."
Can I cancel my order? (Query ID: 890),Orders can be canceled within 1 hour of placement.
What is your return policy? (Query ID: 891),Our return policy lasts 30 days from purchase.
How can I track my order? (Query ID: 892),Use the tracking link in your order confirmation email.
Do you ship internationally? (Query ID: 893),"Yes, we ship to most countries worldwide."
How do I reset my password? (Query ID: 894),Click on 'Forgot password' at login and follow instructions.
What payment methods are accepted? (Query ID: 895),"We accept Visa, MasterCard, PayPal, and Apple Pay."
Can I change my delivery address? (Query ID: 896),"Yes, you can change it from your account settings."
How long does delivery take? (Query ID: 897),Delivery takes 3-5 business days on average.
Is there a warranty on products? (Query ID: 898),"Yes, all products come with a 1-year warranty."
Do you have a mobile app? (Query ID: 899),"Yes, our app is available on iOS and Android."
Can I cancel my order? (Query ID: 900),Orders can be canceled within 1 hour of placement.
What is your return policy? (Query ID: 901),Our return policy lasts 30 days from purchase.
How can I track my order? (Query ID: 902),Use the tracking link in your order confirmation email.
Do you ship internationally? (Query ID: 903),"Yes, we ship to most countries worldwide."
How do I reset my password? (Query ID: 904),Click on 'Forgot password' at login and follow instructions.
What payment methods are accepted? (Query ID: 905),"We accept Visa, MasterCard, PayPal, and Apple Pay."
Can I change my delivery address? (Query ID: 906),"Yes, you can change it from your account settings."
How long does delivery take? (Query ID: 907),Delivery takes 3-5 business days on average.
Is there a warranty on products? (Query ID: 908),"Yes, all products come with a 1-year warranty."
Do you have a mobile app? (Query ID: 909),"Yes, our app is available on iOS and Android."
Can I cancel my order? (Query ID: 910),Orders can be canceled within 1 hour of placement.
What is your return policy? (Query ID: 911),Our return policy lasts 30 days from purchase.
How can I track my order? (Query ID: 912),Use the tracking link in your order confirmation email.
Do you ship internationally? (Query ID: 913),"Yes, we ship to most countries worldwide."
How do I reset my password? (Query ID: 914),Click on 'Forgot password' at login and follow instructions.
What payment methods are accepted? (Query ID: 915),"We accept Visa, MasterCard, PayPal, and Apple Pay."
Can I change my delivery address? (Query ID: 916),"Yes, you can change it from your account settings."
How long does delivery take? (Query ID: 917),Delivery takes 3-5 business days on average.
Is there a warranty on products? (Query ID: 918),"Yes, all products come with a 1-year warranty."
Do you have a mobile app? (Query ID: 919),"Yes, our app is available on iOS and Android."
Can I cancel my order? (Query ID: 920),Orders can be canceled within 1 hour of placement.
What is your return policy? (Query ID: 921),Our return policy lasts 30 days from purchase.
How can I track my order? (Query ID: 922),Use the tracking link in your order confirmation email.
Do you ship internationally? (Query ID: 923),"Yes, we ship to most countries worldwide."
How do I reset my password? (Query ID: 924),Click on 'Forgot password' at login and follow instructions.
What payment methods are accepted? (Query ID: 925),"We accept Visa, MasterCard, PayPal, and Apple Pay."
Can I change my delivery address? (Query ID: 926),"Yes, you can change it from your account settings."
How long does delivery take? (Query ID: 927),Delivery takes 3-5 business days on average.
Is there a warranty on products? (Query ID: 928),"Yes, all products come with a 1-year warranty."
Do you have a mobile app? (Query ID: 929),"Yes, our app is available on iOS and Android."
Can I cancel my order? (Query ID: 930),Orders can be canceled within 1 hour of placement.
What is your return policy? (Query ID: 931),Our return policy lasts 30 days from purchase.
How can I track my order? (Query ID: 932),Use the tracking link in your order confirmation email.
Do you ship internationally? (Query ID: 933),"Yes, we ship to most countries worldwide."
How do I reset my password? (Query ID: 934),Click on 'Forgot password' at login and follow instructions.
What payment methods are accepted? (Query ID: 935),"We accept Visa, MasterCard, PayPal, and Apple Pay."
Can I change my delivery address? (Query ID: 936),"Yes, you can change it from your account settings."
How long does delivery take? (Query ID: 937),Delivery takes 3-5 business days on average.
Is there a warranty on products? (Query ID: 938),"Yes, all products come with a 1-year warranty."
Do you have a mobile app? (Query ID: 939),"Yes, our app is available on iOS and Android."
Can I cancel my order? (Query ID: 940),Orders can be canceled within 1 hour of placement.
What is your return policy? (Query ID: 941),Our return policy lasts 30 days from purchase.
How can I track my order? (Query ID: 942),Use the tracking link in your order confirmation email.
Do you ship internationally? (Query ID: 943),"Yes, we ship to most countries worldwide."
How do I reset my password? (Query ID: 944),Click on 'Forgot password' at login and follow instructions.
What payment methods are accepted? (Query ID: 945),"We accept Visa, MasterCard, PayPal, and Apple Pay."
Can I change my delivery address? (Query ID: 946),"Yes, you can change it from your account settings."
How long does delivery take? (Query ID: 947),Delivery takes 3-5 business days on average.
Is there a warranty on products? (Query ID: 948),"Yes, all products come with a 1-year warranty."
Do you have a mobile app? (Query ID: 949),"Yes, our app is available on iOS and Android."
Can I cancel my order? (Query ID: 950),Orders can be canceled within 1 hour of placement.
What is your return policy? (Query ID: 951),Our return policy lasts 30 days from purchase.
How can I track my order? (Query ID: 952),Use the tracking link in your order confirmation email.
Do you ship internationally? (Query ID: 953),"Yes, we ship to most countries worldwide."
How do I reset my password? (Query ID: 954),Click on 'Forgot password' at login and follow instructions.
What payment methods are accepted? (Query ID: 955),"We accept Visa, MasterCard, PayPal, and Apple Pay."
Can I change my delivery address? (Query ID: 956),"Yes, you can change it from your account settings."
How long does delivery take? (Query ID: 957),Delivery takes 3-5 business days on average.
Is there a warranty on products? (Query ID: 958),"Yes, all products come with a 1-year warranty."
Do you have a mobile app? (Query ID: 959),"Yes, our app is available on iOS and Android."
Can I cancel my order? (Query ID: 960),Orders can be canceled within 1 hour of placement.
What is your return policy? (Query ID: 961),Our return policy lasts 30 days from purchase.
How can I track my order? (Query ID: 962),Use the tracking link in your order confirmation email.
Do you ship internationally? (Query ID: 963),"Yes, we ship to most countries worldwide."
How do I reset my password? (Query ID: 964),Click on 'Forgot password' at login and follow instructions.
What payment methods are accepted? (Query ID: 965),"We accept Visa, MasterCard, PayPal, and Apple Pay."
Can I change my delivery address? (Query ID: 966),"Yes, you can change it from your account settings."
How long does delivery take? (Query ID: 967),Delivery takes 3-5 business days on average.
Is there a warranty on products? (Query ID: 968),"Yes, all products come with a 1-year warranty."
Do you have a mobile app? (Query ID: 969),"Yes, our app is available on iOS and Android."
Can I cancel my order? (Query ID: 970),Orders can be canceled within 1 hour of placement.
What is your return policy? (Query ID: 971),Our return policy lasts 30 days from purchase.
How can I track my order? (Query ID: 972),Use the tracking link in your order confirmation email.
Do you ship internationally? (Query ID: 973),"Yes, we ship to most countries worldwide."
How do I reset my password? (Query ID: 974),Click on 'Forgot password' at login and follow instructions.
What payment methods are accepted? (Query ID: 975),"We accept Visa, MasterCard, PayPal, and Apple Pay."
Can I change my delivery address? (Query ID: 976),"Yes, you can change it from your account settings."
How long does delivery take? (Query ID: 977),Delivery takes 3-5 business days on average.
Is there a warranty on products? (Query ID: 978),"Yes, all products come with a 1-year warranty."
Do you have a mobile app? (Query ID: 979),"Yes, our app is available on iOS and Android."
Can I cancel my order? (Query ID: 980),Orders can be canceled within 1 hour of placement.
What is your return policy? (Query ID: 981),Our return policy lasts 30 days from purchase.
How can I track my order? (Query ID: 982),Use the tracking link in your order confirmation email.
Do you ship internationally? (Query ID: 983),"Yes, we ship to most countries worldwide."
How do I reset my password? (Query ID: 984),Click on 'Forgot password' at login and follow instructions.
What payment methods are accepted? (Query ID: 985),"We accept Visa, MasterCard, PayPal, and Apple Pay."
Can I change my delivery address? (Query ID: 986),"Yes, you can change it from your account settings."
How long does delivery take? (Query ID: 987),Delivery takes 3-5 business days on average.
Is there a warranty on products? (Query ID: 988),"Yes, all products come with a 1-year warranty."
Do you have a mobile app? (Query ID: 989),"Yes, our app is available on iOS and Android."
Can I cancel my order? (Query ID: 990),Orders can be canceled within 1 hour of placement.
What is your return policy? (Query ID: 991),Our return policy lasts 30 days from purchase.
How can I track my order? (Query ID: 992),Use the tracking link in your order confirmation email.
Do you ship internationally? (Query ID: 993),"Yes, we ship to most countries worldwide."
How do I reset my password? (Query ID: 994),Click on 'Forgot password' at login and follow instructions.
What payment methods are accepted? (Query ID: 995),"We accept Visa, MasterCard, PayPal, and Apple Pay."
Can I change my delivery address? (Query ID: 996),"Yes, you can change it from your account settings."
How long does delivery take? (Query ID: 997),Delivery takes 3-5 business days on average.
Is there a warranty on products? (Query ID: 998),"Yes, all products come with a 1-year warranty."
Do you have a mobile app? (Query ID: 999),"Yes, our app is available on iOS and Android."
Can I cancel my order? (Query ID: 1000),Orders can be canceled within 1 hour of placement.
What is your return policy? (Query ID: 1001),Our return policy lasts 30 days from purchase.
How can I track my order? (Query ID: 1002),Use the tracking link in your order confirmation email.
Do you ship internationally? (Query ID: 1003),"Yes, we ship to most countries worldwide."
How do I reset my password? (Query ID: 1004),Click on 'Forgot password' at login and follow instructions.
What payment methods are accepted? (Query ID: 1005),"We accept Visa, MasterCard, PayPal, and Apple Pay."
Can I change my delivery address? (Query ID: 1006),"Yes, you can change it from your account settings."
How long does delivery take? (Query ID: 1007),Delivery takes 3-5 business days on average.
Is there a warranty on products? (Query ID: 1008),"Yes, all products come with a 1-year warranty."
Do you have a mobile app? (Query ID: 1009),"Yes, our app is available on iOS and Android."
Can I cancel my order? (Query ID: 1010),Orders can be canceled within 1 hour of placement.
